Ariyalur - ARI
Chengalpattu - CHT
Chennai - CHN
Coimbatore - COI
Cuddalore - CUD
Dharmapuri - DHA
Dindigul - DIN
Erode - ERO
Kallakurichi - KAL
Kancheepuram - KAN
Karur - KAR
Krishnagiri - KRI
Madurai - MAD
Mayiladuthurai - MAY
Nagapattinam - NAG
Namakkal - NAM
Nilgiris - NIL
Perambalur - PER
Pudukkottai - PUD
Ramanathapuram - RAM
Ranipet - RAN
Salem - SAL
Sivaganga - SIV
Tenkasi - TEN
Thanjavur - THA
Theni - THE
Thoothukudi - THO
Tiruchirappalli - TRI
Tirunelveli - TNL
Tirupathur - TPT
Tiruppur - TRP
Tiruvallur - TVL
Tiruvannamalai - TVN
Tiruvarur - TVR
Vellore - VEL
Viluppuram - VIL
Virudhunagar - VIR
Kanyakumari - KNY